rank,f1,exact,window,lr,dropout,loss,mixup,swa,n_train,n_val
1,0.8448,0.449,500,0.001,0.4,focal,0.2,True,4482,668
2,0.8447,0.443,500,0.001,0.6,focal,0.0,True,4482,668
3,0.8435,0.443,500,0.001,0.4,focal,0.0,True,4482,668
4,0.841,0.413,750,0.0005,0.4,focal,0.0,True,2933,441
5,0.8408,0.49,500,0.001,0.5,bce,0.2,True,4482,668
6,0.84,0.481,500,0.001,0.5,focal,0.2,True,4482,668
7,0.8387,0.404,750,0.0005,0.6,focal,0.2,True,2933,441
8,0.8367,0.427,500,0.0003,0.4,focal,0.2,True,4482,668
9,0.8352,0.427,500,0.001,0.4,bce,0.0,True,4482,668
10,0.8352,0.503,750,0.001,0.5,focal,0.0,True,2933,441
11,0.8346,0.442,500,0.0005,0.6,focal,0.2,True,4482,668
12,0.8327,0.429,750,0.001,0.4,focal,0.0,True,2933,441
13,0.8322,0.458,750,0.0005,0.4,bce,0.2,True,2933,441
14,0.8316,0.485,500,0.0005,0.4,bce,0.0,True,4482,668
15,0.8313,0.426,750,0.001,0.4,focal,0.2,True,2933,441
16,0.8303,0.38,500,0.001,0.6,focal,0.2,True,4482,668
17,0.8295,0.489,250,0.001,0.5,focal,0.2,True,9202,1359
18,0.8294,0.467,250,0.001,0.4,bce,0.2,True,9202,1359
19,0.8294,0.443,500,0.0005,0.5,bce,0.2,True,4482,668
20,0.8293,0.481,500,0.0005,0.6,focal,0.0,True,4482,668
21,0.8291,0.391,500,0.001,0.6,bce,0.2,True,4482,668
22,0.8287,0.458,750,0.001,0.4,bce,0.2,True,2933,441
23,0.8287,0.404,500,0.0003,0.6,focal,0.2,True,4482,668
24,0.8283,0.395,750,0.001,0.6,focal,0.0,True,2933,441
25,0.828,0.408,250,0.001,0.5,bce,0.0,True,9202,1359
26,0.8274,0.388,500,0.001,0.5,focal,0.0,True,4482,668
27,0.8274,0.417,750,0.001,0.5,focal,0.2,True,2933,441
28,0.8264,0.458,750,0.0005,0.5,bce,0.2,True,2933,441
29,0.8261,0.458,500,0.0005,0.4,bce,0.2,True,4482,668
30,0.8255,0.351,750,0.001,0.6,focal,0.2,True,2933,441
31,0.8253,0.383,500,0.0005,0.5,bce,0.0,True,4482,668
32,0.8252,0.485,500,0.0005,0.4,focal,0.2,True,4482,668
33,0.8249,0.449,250,0.001,0.5,bce,0.2,True,9202,1359
34,0.8238,0.425,500,0.001,0.5,bce,0.0,True,4482,668
35,0.8237,0.364,500,0.0005,0.5,focal,0.0,True,4482,668
36,0.8237,0.4,250,0.0005,0.4,focal,0.0,True,9202,1359
37,0.8233,0.444,250,0.001,0.5,focal,0.0,True,9202,1359
38,0.823,0.453,250,0.001,0.6,bce,0.2,True,9202,1359
39,0.8229,0.417,250,0.001,0.4,bce,0.0,True,9202,1359
40,0.8225,0.406,250,0.0003,0.4,focal,0.2,True,9202,1359
41,0.8209,0.345,750,0.0005,0.5,focal,0.2,True,2933,441
42,0.8207,0.436,250,0.001,0.4,focal,0.0,True,9202,1359
43,0.8206,0.437,250,0.001,0.6,focal,0.0,True,9202,1359
44,0.8205,0.356,500,0.0003,0.6,focal,0.0,True,4482,668
45,0.8204,0.428,500,0.0003,0.4,bce,0.2,True,4482,668
46,0.8197,0.397,750,0.0003,0.4,bce,0.0,True,2933,441
47,0.8196,0.345,750,0.001,0.5,bce,0.2,True,2933,441
48,0.8189,0.497,250,0.0003,0.5,focal,0.2,True,9202,1359
49,0.8184,0.349,750,0.001,0.6,bce,0.0,True,2933,441
50,0.8184,0.448,500,0.0005,0.4,focal,0.0,True,4482,668
51,0.8182,0.454,750,0.0005,0.5,bce,0.0,True,2933,441
52,0.8175,0.413,750,0.0003,0.5,focal,0.0,True,2933,441
53,0.8172,0.43,250,0.0005,0.4,bce,0.2,True,9202,1359
54,0.8172,0.333,750,0.0003,0.5,bce,0.0,True,2933,441
55,0.8169,0.394,500,0.001,0.4,bce,0.2,True,4482,668
56,0.8161,0.395,250,0.0003,0.5,bce,0.0,True,9202,1359
57,0.8159,0.387,250,0.0005,0.6,bce,0.2,True,9202,1359
58,0.8158,0.376,750,0.0005,0.4,bce,0.0,True,2933,441
59,0.8157,0.379,750,0.0005,0.4,focal,0.2,True,2933,441
60,0.8155,0.397,250,0.0005,0.5,focal,0.2,True,9202,1359
61,0.8154,0.365,750,0.0003,0.5,bce,0.2,True,2933,441
62,0.8149,0.412,250,0.001,0.6,focal,0.2,True,9202,1359
63,0.8139,0.394,500,0.0003,0.6,bce,0.0,True,4482,668
64,0.8139,0.428,250,0.0003,0.4,bce,0.2,True,9202,1359
65,0.8138,0.408,750,0.0005,0.6,bce,0.2,True,2933,441
66,0.8136,0.367,750,0.001,0.6,bce,0.2,True,2933,441
67,0.8132,0.391,250,0.001,0.6,bce,0.0,True,9202,1359
68,0.813,0.409,250,0.0003,0.5,focal,0.0,True,9202,1359
69,0.8129,0.331,750,0.0005,0.5,focal,0.0,True,2933,441
70,0.8128,0.428,250,0.0005,0.5,bce,0.0,True,9202,1359
71,0.8125,0.338,500,0.0005,0.6,bce,0.0,True,4482,668
72,0.8124,0.277,750,0.001,0.5,bce,0.0,True,2933,441
73,0.8123,0.4,500,0.0003,0.5,focal,0.2,True,4482,668
74,0.8117,0.394,500,0.0005,0.5,focal,0.2,True,4482,668
75,0.8116,0.433,500,0.0003,0.6,bce,0.2,True,4482,668
76,0.81,0.397,250,0.0003,0.5,bce,0.2,True,9202,1359
77,0.8092,0.293,750,0.001,0.4,bce,0.0,True,2933,441
78,0.8089,0.378,250,0.001,0.4,focal,0.2,True,9202,1359
79,0.8085,0.371,250,0.0005,0.5,focal,0.0,True,9202,1359
80,0.8081,0.343,500,0.0003,0.5,focal,0.0,True,4482,668
81,0.8079,0.422,500,0.0003,0.5,bce,0.0,True,4482,668
82,0.8078,0.388,500,0.0003,0.5,bce,0.2,True,4482,668
83,0.8073,0.415,250,0.0005,0.5,bce,0.2,True,9202,1359
84,0.8072,0.375,250,0.0003,0.6,bce,0.2,True,9202,1359
85,0.8071,0.41,250,0.0003,0.4,bce,0.0,True,9202,1359
86,0.8066,0.35,250,0.0003,0.6,bce,0.0,True,9202,1359
87,0.8063,0.324,250,0.0005,0.4,focal,0.2,True,9202,1359
88,0.806,0.325,250,0.0005,0.6,focal,0.2,True,9202,1359
89,0.8059,0.422,500,0.0005,0.6,bce,0.2,True,4482,668
90,0.8059,0.331,250,0.0003,0.6,focal,0.2,True,9202,1359
91,0.8058,0.407,500,0.001,0.6,bce,0.0,True,4482,668
92,0.8034,0.401,750,0.0005,0.6,focal,0.0,True,2933,441
93,0.8034,0.332,250,0.0005,0.6,focal,0.0,True,9202,1359
94,0.8027,0.409,250,0.0005,0.4,bce,0.0,True,9202,1359
95,0.8022,0.351,250,0.0003,0.4,focal,0.0,True,9202,1359
96,0.7994,0.306,250,0.0003,0.6,focal,0.0,True,9202,1359
97,0.7979,0.39,750,0.0003,0.4,bce,0.2,True,2933,441
98,0.7965,0.338,750,0.0003,0.4,focal,0.2,True,2933,441
99,0.7964,0.305,500,0.0003,0.4,focal,0.0,True,4482,668
100,0.7952,0.379,750,0.0003,0.5,focal,0.2,True,2933,441
101,0.7951,0.342,750,0.0003,0.6,focal,0.0,True,2933,441
102,0.795,0.327,750,0.0003,0.6,focal,0.2,True,2933,441
103,0.795,0.37,250,0.0005,0.6,bce,0.0,True,9202,1359
104,0.7946,0.306,750,0.0003,0.6,bce,0.0,True,2933,441
105,0.7935,0.338,750,0.0003,0.4,focal,0.0,True,2933,441
106,0.7887,0.274,750,0.0005,0.6,bce,0.0,True,2933,441
107,0.7831,0.327,750,0.0003,0.6,bce,0.2,True,2933,441
108,0.7735,0.278,500,0.0003,0.4,bce,0.0,True,4482,668
